{
  "criteria": {
    "ghostcraft.ability.vampire.damage": {
      "trigger": "minecraft:player_hurt_entity",
      "conditions": {
        "player": [
          {
            "condition": "minecraft:entity_properties",
            "entity": "this",
            "predicate": {
              "nbt": "{Tags:[\"ghostcraft.ability.vampire\"]}"
            }
          }
        ],
        "damage": {
          "dealt": {
            "min": 2
          }
        },
        "entity": {
          "type": "#ghostcraft:player"
        }
      }
    }
  },
  "rewards": {
    "function": "ghostcraft:ability/vampire/advancement/damage"
  }
}