{
    "criteria": {
      "requirement": {
        "trigger": "minecraft:tick",
        "conditions": {
          "player": [
            {
              "condition": "minecraft:entity_scores",
              "entity": "this",
              "scores": {
                "ghostcraft.used_snowball": {
                  "min": 1,
                  "max": 100000
                }
              }
            }
          ]
        }
      }
    },
    "rewards": {
    "function": "ghostcraft:item/trigger/used_snowball"
    },
    "sends_telemetry_event": false
}
  