{
  "criteria": {
    "requirement": {
      "trigger": "minecraft:tick",
      "conditions": {
        "player": [
          {
            "condition": "minecraft:all_of",
            "terms": [
              {
                "condition": "minecraft:entity_scores",
                "entity": "this",
                "scores": {
                  "ghostcraft.used_coas": {
                    "min": 1,
                    "max": 100000
                  }
                }
              }
            ]
          }
        ]
      }
    }
  },
  "rewards": {
    "function": "ghostcraft:item/trigger/used_coas"
  },
  "sends_telemetry_event": false
}
