{
  "model": {
    "type": "select",
    "fallback": {
      "type": "minecraft:model",
      "model": "minecraft:item/snowball"
    },
    "property": "custom_model_data",
    "index": 0,
    "cases": [
      {
        "when": "ghost_blink",
        "model": {
          "type": "model",
          "model": "ghostcraft:item/ghost/blink"
        }
      },
      {
        "when": "ghost_flashbang",
        "model": {
          "type": "model",
          "model": "ghostcraft:item/ghost/flashbang"
        }
      },
      {
        "when": "ghost_frag_grenade",
        "model": {
          "type": "model",
          "model": "ghostcraft:item/ghost/frag_grenade"
        }
      },
      {
        "when": "ghost_poison_grenade",
        "model": {
          "type": "model",
          "model": "ghostcraft:item/ghost/poison_grenade"
        }
      },
      {
        "when": "ghost_scare",
        "model": {
          "type": "model",
          "model": "ghostcraft:item/ghost/scare"
        }
      },
      {
        "when": "survivor_survivor_grenade",
        "model": {
          "type": "model",
          "model": "ghostcraft:item/survivor/survivor_grenade"
        }
      },
      {
        "when": "survivor_flare",
        "model": {
          "type": "model",
          "model": "ghostcraft:item/survivor/flare"
        }
      }
    ]
  }
}