{
    "pools": [
      {
        "rolls": 1,
        "entries": [
          {
            "type": "minecraft:loot_table",
            "value": "ghostcraft:item/frag_grenade/frag_grenade",
            "functions": [
              {
                "function": "minecraft:set_count",
                "count": {
                  "type": "minecraft:score",
                  "target": {
                    "type": "minecraft:fixed",
                    "name": "kit.ghost.frag_grenade.count"
                  },
                  "score": "ghostcraft.config"
                }
              }
            ]
          }
        ]
      }
    ]
}