{
  "criteria": {
    "ghostcraft.kit.class.trigger": {
      "trigger": "minecraft:tick",
      "conditions": {
        "player": [
          {
            "condition": "minecraft:entity_scores",
            "entity": "this",
            "scores": {
              "ghostcraft.trigger.class": {
                "min": -2147483647,
                "max": -1
              }
            }
          }
        ]
      }
    }
  },
  "rewards": {
    "function": "ghostcraft:kit/class/options"
  }
}