{
  "description": "Suffocation Immunity",
  "supported_items": "#minecraft:enchantable/armor",
  "weight": 1,
  "max_level": 1,
  "min_cost": {
    "base": 0,
    "per_level_above_first": 0
  },
  "max_cost": {
    "base": 0,
    "per_level_above_first": 0
  },
  "anvil_cost": 0,
  "slots": [],
  "effects": {
    "minecraft:damage_protection": [
      {
        "requirements": {
          "condition": "minecraft:damage_source_properties",
          "predicate": {
            "tags": [
              {
                "id": "ghostcraft:suffocation_damage",
                "expected": true
              }
            ]
          }
        },
        "effect": {
          "type": "minecraft:multiply",
          "factor": 0
        }
      }
    ]
  }
}