{
  "criteria": {
    "ghostcraft.kit.ghost.suffocation_damage": {
      "trigger": "minecraft:entity_hurt_player",
      "conditions": {
        "damage": {
          "type": {
            "tags": [
              {
                "id": "ghostcraft:suffocation_damage",
                "expected": true
              }
            ]
          }
        }
      }
    }
  },
  "rewards": {
    "function": "ghostcraft:kit/ghost/suffocation_immunity/advancement/suffocation_damage"
  }
}