{
  "criteria": {
    "ghostcraft.game.ghosthunt.survivor_hurt_survivor": {
      "trigger": "minecraft:player_hurt_entity",
      "conditions": {
        "player": [
          {
            "condition": "minecraft:entity_properties",
            "entity": "this",
            "predicate": {
              "nbt": "{Tags:[\"ghostcraft.survivor\"]}"
            }
          }
        ],
        "damage": {
          "dealt": {
            "min": 0.01,
            "max": 1000
          },
          "type": {
            "direct_entity": {
              "type": "minecraft:arrow"
            }
          }
        },
        "entity": [
          {
            "condition": "minecraft:entity_properties",
            "entity": "this",
            "predicate": {
              "nbt": "{Tags:[\"ghostcraft.survivor\"]}"
            }
          }
        ]
      }
    }
  },
  "rewards": {
    "function": "ghostcraft:game/ghosthunt/survivor_hurt_survivor/advancement/projectile/0"
  }
}