{
  "condition": "minecraft:any_of",
  "terms": [
    {
      "condition": "minecraft:entity_properties",
      "entity": "this",
      "predicate": {
        "equipment": {
          "head": {
            "components": {
              "minecraft:enchantments": {
                "ghostcraft:kit/ghost/suffocation_immunity": 1
              }
            }
          }
        }
      }
    },
    {
      "condition": "minecraft:entity_properties",
      "entity": "this",
      "predicate": {
        "equipment": {
          "chest": {
            "components": {
              "minecraft:enchantments": {
                "ghostcraft:kit/ghost/suffocation_immunity": 1
              }
            }
          }
        }
      }
    },
    {
      "condition": "minecraft:entity_properties",
      "entity": "this",
      "predicate": {
        "equipment": {
          "legs": {
            "components": {
              "minecraft:enchantments": {
                "ghostcraft:kit/ghost/suffocation_immunity": 1
              }
            }
          }
        }
      }
    },
    {
      "condition": "minecraft:entity_properties",
      "entity": "this",
      "predicate": {
        "equipment": {
          "feet": {
            "components": {
              "minecraft:enchantments": {
                "ghostcraft:kit/ghost/suffocation_immunity": 1
              }
            }
          }
        }
      }
    }
  ]
}