{
  "weight": 1,
  "max_level": 10,
  "min_cost": {
    "base": 0,
    "per_level_above_first": 0
  },
  "max_cost": {
    "base": 0,
    "per_level_above_first": 0
  },
  "anvil_cost": 0,
  "description": "Shotgun",
  "effects": {
    "minecraft:projectile_count": [
      {
        "effect": {
          "type": "minecraft:add",
          "value": {
            "type": "minecraft:linear",
            "base": 4,
            "per_level_above_first": 4
          }
        }
      }
    ],
    "minecraft:projectile_spread": [
      {
        "effect": {
          "type": "minecraft:add",
          "value": {
            "type": "minecraft:linear",
            "base": 3,
            "per_level_above_first": 3
          }
        }
      }
    ]
  },
  "slots": [
    "hand"
  ],
  "supported_items": "#minecraft:enchantable/crossbow"
}