{
  "description": "Infinity",
  "supported_items": "minecraft:wind_charge",
  "weight": 1,
  "max_level": 1,
  "min_cost": {
    "base": 0,
    "per_level_above_first": 0
  },
  "max_cost": {
    "base": 0,
    "per_level_above_first": 0
  },
  "anvil_cost": 0,
  "slots": [],
  "effects": {
    "minecraft:projectile_spawned": [
      {
        "requirements": {
          "condition": "minecraft:entity_properties",
          "entity": "this",
          "predicate": {
            "type": "minecraft:wind_charge"
          }
        },
        "effect": {
          "type": "minecraft:run_function",
          "function": "ghostcraft:kit/mauler/threw_infinite_essence_of_wind"
        }
      }
    ]
  }
}