{
  "anvil_cost": 0,
  "description": "Inverse Density",
  "effects": {
    "minecraft:smash_damage_per_fallen_block": [
      {
        "effect": {
          "type": "minecraft:add",
          "value": {
            "type": "minecraft:linear",
            "base": -0.75,
            "per_level_above_first": -0.5
          }
        }
      }
    ]
  },
  "exclusive_set": "#minecraft:exclusive_set/damage",
  "max_cost": {
    "base": 0,
    "per_level_above_first": 0
  },
  "max_level": 10,
  "min_cost": {
    "base": 0,
    "per_level_above_first": 0
  },
  "slots": [
    "mainhand"
  ],
  "supported_items": "#minecraft:enchantable/mace",
  "weight": 1
}