{
  "pools": [
    {
      "rolls": 1,
      "entries": [
        {
          "type": "minecraft:item",
          "name": "minecraft:carrot_on_a_stick",
          "functions": [
            {
              "function": "minecraft:set_components",
              "components": {
                "enchantment_glint_override": false,
                "minecraft:custom_data": "{ghostcraft:{type:\"ghost_boost\"}}",
                "minecraft:custom_model_data": {
                  "strings": ["ghost_boost"]
                },
                "enchantments": {
                  "ghostcraft:ability/ghost_block/block_launch": 1
                },
                "custom_name": [{"text":"Wooden Sword","italic":false}],
                "minecraft:lore": [[{"text":"Right click to boost","italic":false,"color":"gray"}]],
                "attribute_modifiers": [
                  {
                    "id": "ghostcraft.ghost.boost",
                    "amount": 2,
                    "slot": "mainhand",
                    "type": "minecraft:attack_damage",
                    "operation": "add_value"
                  }
                ]
              }
            }
          ]
        }
      ]
    }
  ]
}
