{
  "pools": [
    {
      "rolls": 1,
      "entries": [
        {
          "type": "minecraft:item",
          "name": "minecraft:crossbow",
          "functions": [
            {
              "function": "minecraft:set_components",
              "components": {
                "unbreakable": {},
                "tooltip_display": {
                  "hidden_components": ["unbreakable"]
                },
                "custom_name": {"text":"Shotbow","italic": false}
              }
            },
            {
              "function": "set_enchantments",
              "enchantments": {
                "ghostcraft:item/shotbow/shotgun": 2,
                "power": 3,
                "quick_charge": 2
              }
            }
          ]
        }
      ]
    }
  ]
}