{
  "pools": [
    {
      "rolls": 1,
      "entries": [
        {
          "type": "minecraft:item",
          "name": "minecraft:stone_shovel",
          "functions": [
            {
              "function": "minecraft:set_components",
              "components": {
                "unbreakable": {},
                "tooltip_display": {
                  "hidden_components": ["unbreakable"]
                }
              }
            }
          ]
        }
      ]
    }
  ]
}