{
  "type": "minecraft:overworld",
  "generator": {
    "type": "minecraft:noise",
    "settings": {
      "name": "",
      "sea_level": 0,
      "disable_mob_generation": false,
      "aquifers_enabled": false,
      "ore_veins_enabled": false,
      "legacy_random_source": true,
      "default_block": {
        "Name": "minecraft:air"
      },
      "default_fluid": {
        "Name": "minecraft:air"
      },
      "noise": {
        "min_y": 0,
        "height": 128,
        "size_horizontal": 2,
        "size_vertical": 1
      },
      "noise_router": {
        "barrier": 0,
        "fluid_level_floodedness": 0,
        "fluid_level_spread": 0,
        "lava": 0,
        "temperature": 0,
        "vegetation": 0,
        "continents": 0,
        "erosion": 0,
        "depth": 0,
        "ridges": 0,
        "preliminary_surface_level": 0,
        "final_density": {
          "type": "minecraft:interpolated",
          "argument": "minecraft:overworld/base_3d_noise"
        },
        "vein_toggle": 0,
        "vein_ridged": 0,
        "vein_gap": 0
      },
      "spawn_target": [],
      "surface_rule": {
        "type": "minecraft:sequence",
        "sequence": []
      }
    },
    "biome_source": {
      "type": "minecraft:fixed",
      "biome": "minecraft:the_void"
    }
  }
}