{
  "pools": [
    {
      "rolls": 1,
      "entries": [
        {
          "type": "minecraft:item",
          "name": "minecraft:snowball",
          "functions": [
            {
              "function": "set_components",
              "components": {
                "custom_name": {"text":"Poison Grenade","italic":false,"color":"green"},
                "lore":[[{"text":"Can be thrown","italic":false,"color":"gray"}],[{"text":"Blinds nearby players","italic":false,"color":"gray"}],[{"text":"Poisons nearby players","italic":false,"color":"gray"}],[{"text":"Explodes in 3 seconds","italic":false,"color":"gray"}]]
              }
            },
            {
              "function": "minecraft:set_components",
              "components": {
                "minecraft:custom_data": "{ghostcraft:{type:\"poison_grenade\"}}",
                "minecraft:custom_model_data": {
                  "strings": ["ghost_poison_grenade"]
                },
                "minecraft:use_cooldown": {
                  "seconds": 2,
                  "cooldown_group": "ghostcraft:grenade"
                }
              }
            }
          ]
        }
      ]
    }
  ]
}
