{
  "pools": [
    {
      "rolls": 1,
      "entries": [
        {
          "type": "minecraft:item",
          "name": "minecraft:splash_potion",
          "functions": [
            {
              "function": "minecraft:set_components",
              "components": {
                "minecraft:custom_name": {"text":"Courage","italic":false,"bold":false,"color":"aqua"},
                "tooltip_display": {
                  "hidden_components": [
                    "attribute_modifiers",
                    "potion_contents"
                  ]
                },
                "lore":[{"text":"Gives you a small boost"},{"text":"Makes you glow"},{"text":"Share with your friends!"}],
                "potion_contents": {"custom_color":5374161,"custom_effects":[{"id":"speed","duration":600,"show_particles":false},{"id":"absorption","amplifier":1,"duration":-1,"show_particles":false}]}
              }
            }
          ]
        }
      ]
    }
  ]
}
