{
  "pools": [
    {
      "rolls": 1,
      "entries": [
        {
          "type": "minecraft:loot_table",
          "value": "ghostcraft:item/courage/normal",
          "functions": [
            {
              "function": "minecraft:set_count",
              "count": {
                "type": "minecraft:score",
                "target": {
                  "type": "minecraft:fixed",
                  "name": "kit.soldier.potion.normal.count"
                },
                "score": "ghostcraft.config"
              }
            }
          ]
        }
      ]
    }
  ]
}