{
  "pools": [
    {
      "rolls": 1,
      "entries": [
        {
          "type": "minecraft:item",
          "name": "minecraft:snowball",
          "functions": [
            {
              "function": "minecraft:set_components",
              "components": {
                }
            },
            {
              "function": "minecraft:set_components",
              "components": {
                "minecraft:lore": [[{"text":"Can be thrown","italic":false,"color":"gray"}],[{"text":"Teleports you where it lands","italic":false,"color":"gray"}]],
                "minecraft:custom_data": "{ghostcraft:{type:\"blink\"}}",
                "minecraft:custom_model_data": {
                  "strings": ["ghost_blink"]                  
                },
                "minecraft:custom_name": {"text":"Blink","italic":false,"color":"gold"}
              }
            }
          ]
        }
      ]
    }
  ]
}
