{
  "criteria": {
    "ghostcraft.kit.support.crate.invisibility_dust.consumed": {
      "trigger": "minecraft:consume_item",
      "conditions": {
        "item": {
          "items": "minecraft:cookie",
          "components": {
            "minecraft:custom_model_data": {
              "strings": [
                "invisibility_dust_crate"
              ]
            }
          }
        }
      }
    }
  },
  "rewards": {
    "function": "ghostcraft:kit/support/crate/invisibility_dust"
  }
}