{
  "function": "minecraft:set_written_book_pages",
  "pages": [
    {"raw":[{"text":"          Temple                                        A classic map from the 2013 Shotbow era.                                   I couldn't find the original creators or files, so it was created based on old videos.                                                                                         "},{"text":"[Vote]","color":"green","hover_event":{"action":"show_text","value": "Click to vote!"},"click_event":{"action": "run_command","command": "/trigger ghostcraft.game.map_change.vote set 2"}}]}
  ],
  "mode": "append",
  "conditions": []
}