{
  "function": "minecraft:set_written_book_pages",
  "pages": [
    {"raw":[    {        "text":"    The Lighthouse\n\n   A map created by            "    },    {        "text":"Moshyn",        "color":"dark_green",        "bold":true,        "hover_event": {"action": "show_text","value": "Click to view Shotbow profile"},        "click_event": {"action": "open_url","url": "https://shotbow.net/forum/members/moshyn.1122691/"}    },    {        "text":"\n\nA towering, broken lighthouse stranded in the sky."    },    [        {            "text":"\n\n\n\n\n          "        },        {            "text":"[Vote]",            "color":"green",            "hover_event":{"action":"show_text","value": "Click to vote!"},            "click_event":{"action": "run_command","command": "/trigger ghostcraft.game.map_change.vote set 7"}        }    ]]}
  ],
  "mode": "append",
  "conditions": []
}